CREATE DATABASE QLBH

USE QLBH

CREATE TABLE KHACHHANG 
(
	MAKH char(4) PRIMARY KEY,
	HOTEN varchar(40),
	DCHI varchar(50),
	SODT varchar(20),
	NGSINH smalldatetime,
	NGDK smalldatetime,
	DOANHSO money
)

CREATE TABLE NHANVIEN
(
	MANV char(4) PRIMARY KEY,
	HOTEN varchar(40),
	SODT varchar(20),
	NGVL smalldatetime
)

CREATE TABLE SANPHAM
(
	MASP char(4) PRIMARY KEY,
	TENSP varchar(40),
	DVT varchar(20),
	NUOCSX varchar(40),
	GIA money
)

CREATE TABLE HOADON
(
	SOHD int PRIMARY KEY,
	NGHD smalldatetime,
	MAKH char(4) FOREIGN KEY REFERENCES KHACHHANG(MAKH),
	MANV char(4) FOREIGN KEY REFERENCES NHANVIEN(MANV),
	TRIGIA money
)

CREATE TABLE CTHD
(
	SOHD int FOREIGN KEY REFERENCES HOADON(SOHD),
	MASP char(4) FOREIGN KEY REFERENCES SANPHAM(MASP),
	SL int
	CONSTRAINT PK_CTHD PRIMARY KEY(SOHD, MASP)
)

-- Cau 2 --
ALTER TABLE SANPHAM ADD GHICHU varchar(20)

-- Cau 3 --
ALTER TABLE KHACHHANG ADD LOAIKH tinyint

-- Cau 4 --
ALTER TABLE SANPHAM ALTER COLUMN GHICHU varchar(100)

-- Cau 5 --
ALTER TABLE SANPHAM DROP COLUMN GHICHU

-- Cau 6 --
ALTER TABLE KHACHHANG ALTER COLUMN LOAIKH varchar(50)

-- Cau 7 --
ALTER TABLE SANPHAM ADD CONSTRAINT CHECK_DVT CHECK(DVT='CAY'OR DVT='CAI'OR DVT='HOP'OR DVT='QUYEN'OR DVT='CHUC')

-- Cau 8 --
ALTER TABLE SANPHAM ADD CONSTRAINT CHECK_GIA CHECK(GIA>=500)

-- Cau 10 --
ALTER TABLE KHACHHANG ADD CONSTRAINT CHECK_NGDK CHECK (NGDK>NGSINH)


-- Phan 2 --
-- Cau 1 --
SET DATEFORMAT dmy;

INSERT INTO NHANVIEN (MANV, HOTEN, SODT, NGVL) VALUES ('NV01', 'Nguyen Nhu Nhut', '0927345678', '13/4/2006')
INSERT INTO NHANVIEN (MANV, HOTEN, SODT, NGVL) VALUES ('NV02', 'Le Thi Phi Yen', '0987567390', '21/4/2006')
INSERT INTO NHANVIEN (MANV, HOTEN, SODT, NGVL) VALUES ('NV03', 'Nguyen Van B', '0997047382', '27/4/2006')
INSERT INTO NHANVIEN (MANV, HOTEN, SODT, NGVL) VALUES ('NV04', 'Ngo Thanh Tuan', '0913758498', '24/6/2006')
INSERT INTO NHANVIEN (MANV, HOTEN, SODT, NGVL) VALUES ('NV05', 'Nguyen Thi Truc Thanh', '0918590387', '20/7/2006')
	

INSERT INTO KHACHHANG (MAKH, HOTEN, DCHI, SODT, NGSINH, DOANHSO, NGDK) VALUES ('KH01', 'Nguyen Van A', '731, Tran Hung Dao, Q5, TPHCM', '08823451', '22/10/1960', 13060000, '22/07/2006')
INSERT INTO KHACHHANG (MAKH, HOTEN, DCHI, SODT, NGSINH, DOANHSO, NGDK) VALUES ('KH02', 'Tran Ngoc Han', '23/5 Nguyen Trai, Q5, TpHCM', '0908256478', '03/04/1974', 280000, '30/07/2006')
INSERT INTO KHACHHANG (MAKH, HOTEN, DCHI, SODT, NGSINH, DOANHSO, NGDK) VALUES ('KH03', 'Tran Ngoc Linh', '45 Nguyen Canh Chan, Q1, TpHCM', '0938776266', '12/06/1980', 3860000, '05/08/2006')
INSERT INTO KHACHHANG (MAKH, HOTEN, DCHI, SODT, NGSINH, DOANHSO, NGDK) VALUES ('KH04', 'Tran Minh Long', '50/34 Le Dai hanh, Q10, TpHCM', '0917325476', '09/03/1965', 250000, '02/10/2006')
INSERT INTO KHACHHANG (MAKH, HOTEN, DCHI, SODT, NGSINH, DOANHSO, NGDK) VALUES ('KH05', 'Le Nhat Minh', '34 Truong Dinh, Q3, TPHCM', '08246108', '10/03/1960', 21000, '28/10/2006')
INSERT INTO KHACHHANG (MAKH, HOTEN, DCHI, SODT, NGSINH, DOANHSO, NGDK) VALUES ('KH06', 'Le Hoai Thuong', '227 Nguyen Van Cu, Q5, TpHCM', '08631738', '31/12/1981', 915000, '24/11/2006')
INSERT INTO KHACHHANG (MAKH, HOTEN, DCHI, SODT, NGSINH, DOANHSO, NGDK) VALUES ('KH07', 'Nguyen Van Tam', '32/3 Tran Binh Trong, Q5, TpHCM', '0916783565', '06/04/1971', 12500, '01/12/2006')
INSERT INTO KHACHHANG (MAKH, HOTEN, DCHI, SODT, NGSINH, DOANHSO, NGDK) VALUES ('KH08', 'Phan Thi Thanh', '45/2 An Duong Vuong, Q5, TPHCM', '0938435756', '10/01/1971', 365000, '13/12/2006')
INSERT INTO KHACHHANG (MAKH, HOTEN, DCHI, SODT, NGSINH, DOANHSO, NGDK) VALUES ('KH09', 'Le Ha Vinh', '873 Le Hong Phong, Q5, TPHCM', '08654763', '03/09/1979', 70000, '14/01/2007')
INSERT INTO KHACHHANG (MAKH, HOTEN, DCHI, SODT, NGSINH, DOANHSO, NGDK) VALUES ('KH10', 'Ha Duy Lap', '34/34B Nguyen Trai, Q1, TPHCM', '08768904', '02/05/1963', 67500, '16/01/2007')


INSERT INTO SANPHAM (MASP, TENSP, DVT, NUOCSX, GIA) VALUES ('BC01', 'But Chi', 'cay', 'Singapore', 3000)
INSERT INTO SANPHAM (MASP, TENSP, DVT, NUOCSX, GIA) VALUES ('BC02', 'But Chi', 'cay', 'Singapore', 5000)
INSERT INTO SANPHAM (MASP, TENSP, DVT, NUOCSX, GIA) VALUES ('BC03', 'But Chi', 'cay', 'Viet Nam', 3500)
INSERT INTO SANPHAM (MASP, TENSP, DVT, NUOCSX, GIA) VALUES ('BC04', 'But Chi', 'hop', 'Viet Nam', 30000)
INSERT INTO SANPHAM (MASP, TENSP, DVT, NUOCSX, GIA) VALUES ('BB01', 'But bi', 'cay', 'Viet Nam', 5000)
INSERT INTO SANPHAM (MASP, TENSP, DVT, NUOCSX, GIA) VALUES ('BB02', 'But bi', 'cay', 'Trung Quoc', 7000)
INSERT INTO SANPHAM (MASP, TENSP, DVT, NUOCSX, GIA) VALUES ('BB03', 'But bi', 'hop', 'Thai Lan', 100000)
INSERT INTO SANPHAM (MASP, TENSP, DVT, NUOCSX, GIA) VALUES ('TV01', 'Tap 100 giay mong', 'quyen', 'Trung Quoc', 2500)
INSERT INTO SANPHAM (MASP, TENSP, DVT, NUOCSX, GIA) VALUES ('TV02', 'Tap 200 giay mong', 'quyen', 'Trung Quoc', 4500)
INSERT INTO SANPHAM (MASP, TENSP, DVT, NUOCSX, GIA) VALUES ('TV03', 'Tap 100 giay tot', 'quyen', 'Viet Nam', 3000)
INSERT INTO SANPHAM (MASP, TENSP, DVT, NUOCSX, GIA) VALUES ('TV04', 'Tap 200 giay tot', 'quyen', 'Viet Nam', 5500)
INSERT INTO SANPHAM (MASP, TENSP, DVT, NUOCSX, GIA) VALUES ('TV05', 'Tap 100 trang', 'chuc', 'Viet Nam', 23000)
INSERT INTO SANPHAM (MASP, TENSP, DVT, NUOCSX, GIA) VALUES ('TV06', 'Tap 200 trang', 'chuc', 'Viet Nam', 53000)
INSERT INTO SANPHAM (MASP, TENSP, DVT, NUOCSX, GIA) VALUES ('TV07', 'Tap 100 trang', 'chuc', 'Viet Nam', 34000)
INSERT INTO SANPHAM (MASP, TENSP, DVT, NUOCSX, GIA) VALUES ('ST01', 'So tay 500 trang', 'quyen', 'Viet Nam', 40000)
INSERT INTO SANPHAM (MASP, TENSP, DVT, NUOCSX, GIA) VALUES ('ST02', 'So tay loai 1', 'quyen', 'Viet Nam', 55000)
INSERT INTO SANPHAM (MASP, TENSP, DVT, NUOCSX, GIA) VALUES ('ST03', 'So tay loai 2', 'quyen', 'Viet Nam', 51000)
INSERT INTO SANPHAM (MASP, TENSP, DVT, NUOCSX, GIA) VALUES ('ST04', 'So tay', 'quyen', 'Thai Lan', 55000)
INSERT INTO SANPHAM (MASP, TENSP, DVT, NUOCSX, GIA) VALUES ('ST05', 'So tay mong', 'quyen', 'Thai Lan', 20000)
INSERT INTO SANPHAM (MASP, TENSP, DVT, NUOCSX, GIA) VALUES ('ST06', 'Phan viet bang', 'hop', 'Viet Nam', 5000)
INSERT INTO SANPHAM (MASP, TENSP, DVT, NUOCSX, GIA) VALUES ('ST07', 'Phan khong bui', 'hop', 'Viet Nam', 5000)
INSERT INTO SANPHAM (MASP, TENSP, DVT, NUOCSX, GIA) VALUES ('ST08', 'Bong bang', 'cai', 'Viet Nam', 1000)
INSERT INTO SANPHAM (MASP, TENSP, DVT, NUOCSX, GIA) VALUES ('ST09', 'But long', 'cay', 'Viet Nam', 5000)
INSERT INTO SANPHAM (MASP, TENSP, DVT, NUOCSX, GIA) VALUES ('ST10', 'But long', 'cay', 'Trung Quoc', 7000)

INSERT INTO HOADON VALUES ('1001', '23/07/2006', 'KH01', 'NV01', 320000)
INSERT INTO HOADON VALUES ('1002', '12/08/2006', 'KH01', 'NV02', 840000)
INSERT INTO HOADON VALUES ('1003', '23/08/2006', 'KH02', 'NV01', 100000)
INSERT INTO HOADON VALUES ('1004', '01/09/2006', 'KH02', 'NV01', 180000)
INSERT INTO HOADON VALUES ('1005', '20/10/2006', 'KH01', 'NV02', 3800000)
INSERT INTO HOADON VALUES ('1006', '16/10/2006', 'KH01', 'NV03', 2430000)
INSERT INTO HOADON VALUES ('1007', '28/10/2006', 'KH03', 'NV03', 510000)
INSERT INTO HOADON VALUES ('1008', '28/10/2006', 'KH01', 'NV03', 440000)
INSERT INTO HOADON VALUES ('1009', '28/10/2006', 'KH03', 'NV04', 200000)
INSERT INTO HOADON VALUES ('1010', '01/11/2006', 'KH01', 'NV01', 5200000)
INSERT INTO HOADON VALUES ('1011', '04/11/2006', 'KH04', 'NV03', 250000 )
INSERT INTO HOADON VALUES ('1012', '30/11/2006', 'KH05', 'NV03', 21000 )
INSERT INTO HOADON VALUES ('1013', '12/12/2006', 'KH06', 'NV01', 5000)
INSERT INTO HOADON VALUES ('1014', '31/12/2006', 'KH03', 'NV02', 3150000 )
INSERT INTO HOADON VALUES ('1015', '01/01/2007', 'KH05', 'NV01', 910000)
INSERT INTO HOADON VALUES ('1016', '01/01/2007', 'KH07', 'NV02', 12500 )
INSERT INTO HOADON VALUES ('1017', '02/01/2007', 'KH08', 'NV03', 35000 )
INSERT INTO HOADON VALUES ('1018', '13/01/2007', 'KH08', 'NV03', 330000 )
INSERT INTO HOADON VALUES ('1019', '13/01/2007', 'KH01', 'NV03', 30000 )
INSERT INTO HOADON VALUES ('1020', '14/01/2007', 'KH09', 'NV04', 70000)
INSERT INTO HOADON VALUES ('1021', '16/01/2007', 'KH10', 'NV03', 67500 )
INSERT INTO HOADON VALUES ('1022', '16/01/2007', NULL, 'NV03', 7000)
INSERT INTO HOADON VALUES ('1023', '17/01/2007', NULL, 'NV01', 330000)


INSERT INTO CTHD (SOHD, MASP, SL) VALUES (1001, 'TV02', 10)
INSERT INTO CTHD (SOHD, MASP, SL) VALUES (1001, 'ST01', 5)
INSERT INTO CTHD (SOHD, MASP, SL) VALUES (1001, 'BC01', 5)
INSERT INTO CTHD (SOHD, MASP, SL) VALUES (1001, 'BC02', 10)
INSERT INTO CTHD (SOHD, MASP, SL) VALUES (1001, 'ST08', 10)
INSERT INTO CTHD (SOHD, MASP, SL) VALUES (1002, 'BC04', 20)
INSERT INTO CTHD (SOHD, MASP, SL) VALUES (1002, 'BB01', 20)
INSERT INTO CTHD (SOHD, MASP, SL) VALUES (1002, 'BB02', 20)
INSERT INTO CTHD (SOHD, MASP, SL) VALUES (1002, 'BB03', 10)
INSERT INTO CTHD (SOHD, MASP, SL) VALUES (1004, 'TV01', 20)
INSERT INTO CTHD (SOHD, MASP, SL) VALUES (1004, 'TV02', 10)
INSERT INTO CTHD (SOHD, MASP, SL) VALUES (1004, 'TV03', 10)
INSERT INTO CTHD (SOHD, MASP, SL) VALUES (1004, 'TV04', 10)
INSERT INTO CTHD (SOHD, MASP, SL) VALUES (1005, 'TV05', 50)
INSERT INTO CTHD (SOHD, MASP, SL) VALUES (1005, 'TV06', 50)
INSERT INTO CTHD (SOHD, MASP, SL) VALUES (1001, 'TV07', 20)
INSERT INTO CTHD (SOHD, MASP, SL) VALUES (1006, 'ST01', 30)
INSERT INTO CTHD (SOHD, MASP, SL) VALUES (1006, 'ST02', 10)
INSERT INTO CTHD (SOHD, MASP, SL) VALUES (1007, 'ST03', 10)
INSERT INTO CTHD (SOHD, MASP, SL) VALUES (1008, 'ST04', 8)
INSERT INTO CTHD (SOHD, MASP, SL) VALUES (1009, 'ST05', 10)
INSERT INTO CTHD (SOHD, MASP, SL) VALUES (1010, 'TV07', 50)
INSERT INTO CTHD (SOHD, MASP, SL) VALUES (1010, 'ST07', 50)
INSERT INTO CTHD (SOHD, MASP, SL) VALUES (1010, 'ST08', 100)
INSERT INTO CTHD (SOHD, MASP, SL) VALUES (1010, 'ST04', 50)
INSERT INTO CTHD (SOHD, MASP, SL) VALUES (1010, 'TV03', 100)
INSERT INTO CTHD (SOHD, MASP, SL) VALUES (1011, 'ST06', 50)
INSERT INTO CTHD (SOHD, MASP, SL) VALUES (1012, 'ST07', 3)
INSERT INTO CTHD (SOHD, MASP, SL) VALUES (1013, 'ST08', 5)
INSERT INTO CTHD (SOHD, MASP, SL) VALUES (1014, 'BC02', 80)
INSERT INTO CTHD (SOHD, MASP, SL) VALUES (1014, 'BB02', 100)
INSERT INTO CTHD (SOHD, MASP, SL) VALUES (1014, 'BC04', 60)
INSERT INTO CTHD (SOHD, MASP, SL) VALUES (1014, 'BB01', 50)
INSERT INTO CTHD (SOHD, MASP, SL) VALUES (1015, 'BB02', 30)
INSERT INTO CTHD (SOHD, MASP, SL) VALUES (1015, 'BB03', 7)
INSERT INTO CTHD (SOHD, MASP, SL) VALUES (1016, 'TV01', 5)
INSERT INTO CTHD (SOHD, MASP, SL) VALUES (1017, 'TV02', 1)
INSERT INTO CTHD (SOHD, MASP, SL) VALUES (1017, 'TV03', 1)
INSERT INTO CTHD (SOHD, MASP, SL) VALUES (1017, 'TV04', 5)
INSERT INTO CTHD (SOHD, MASP, SL) VALUES (1018, 'ST04', 6)
INSERT INTO CTHD (SOHD, MASP, SL) VALUES (1019, 'ST05', 1)
INSERT INTO CTHD (SOHD, MASP, SL) VALUES (1019, 'ST06', 2)
INSERT INTO CTHD (SOHD, MASP, SL) VALUES (1020, 'ST07', 10)
INSERT INTO CTHD (SOHD, MASP, SL) VALUES (1021, 'ST08', 5)
INSERT INTO CTHD (SOHD, MASP, SL) VALUES (1021, 'TV01', 7)
INSERT INTO CTHD (SOHD, MASP, SL) VALUES (1021, 'TV02', 10)
INSERT INTO CTHD (SOHD, MASP, SL) VALUES (1022, 'TV02', 10)
INSERT INTO CTHD (SOHD, MASP, SL) VALUES (1023, 'ST04', 6)
INSERT INTO CTHD (SOHD, MASP, SL) VALUES (1023, 'BC01', 5)
INSERT INTO CTHD (SOHD, MASP, SL) VALUES (1023, 'BC02', 1)

-- Cau 2 --
select * into SANPHAM1 from SANPHAM
select * into KHACHHANG1 from KHACHHANG

-- Cau 3 --
update SANPHAM1 set GIA = GIA * 1.05 where NUOCSX = 'Thai Lan'

-- Cau 4 --
update SANPHAM1 set GIA = GIA * 0.95 where NUOCSX = 'Trung Quoc' and GIA <= 10000

-- Cau 5 --
update KHACHHANG1 set LOAIKH = 'VIP' where (NGDK < '01/01/2007' and DOANHSO >= 10000000) or (NGDK >= '01/01/2007' and DOANHSO >= 2000000)

-- Phan 3 --
-- Cau 1 --
select MASP, TENSP from SANPHAM1 where NUOCSX = 'Trung Quoc'

-- Cau 2 --
select MASP, TENSP from SANPHAM1 where DVT = 'cay' or DVT = 'quyen'

-- Cau 3 --
select MASP, TENSP from SANPHAM1 where MASP like 'B_01'

-- Cau 4 --
select MASP, TENSP from SANPHAM1 where (NUOCSX = 'Trung Quoc') and (GIA between 30000 and 40000)

-- Cau 5 --
select MASP, TENSP from SANPHAM1 where (NUOCSX in ('Trung Quoc', 'Thai Lan')) and (GIA between 30000 and 40000)

-- Cau 6 --
select SOHD, TRIGIA from HOADON where (NGHD in ('01/01/2007', '02/01/2007'))

-- Cau 7 --
select SOHD, TRIGIA from HOADON where MONTH(NGHD) = 1 and YEAR(NGHD) = 2007 order by NGHD asc, TRIGIA desc

-- Cau 8 --
select KH.MAKH, KH.HOTEN from KHACHHANG1 KH join HOADON HD on KH.MAKH = HD.MAKH where HD.NGHD = '01/01/2007'

-- Cau 9 --
select HD.SOHD, HD.TRIGIA from HOADON HD join NHANVIEN NV on HD.MANV = NV.MANV where NV.HOTEN = 'Nguyen Van B' and HD.NGHD = '28/10/2006'

-- Cau 10 --
select SP.MASP, SP.TENSP 
from SANPHAM SP 
join CTHD 
on SP.MASP = CTHD.MASP 
where CTHD.SOHD in (
	select SOHD 
	from HOADON HD 
	join KHACHHANG KH 
	on HD.MAKH = KH.MAKH 
	where YEAR(HD.NGHD) = 2006 and MONTH(HD.NGHD) = 10 and KH.HOTEN = 'Nguyen Van A'
)

-- Cau 11 --
select SOHD from CTHD where MASP = 'BB01' or MASP = 'BB02' 

-- Cau 12 --
SELECT SOHD
FROM CTHD
WHERE (MASP = 'BB01' OR MASP = 'BB02') AND (SL BETWEEN 10 AND 20)

-- Cau 13 --

SELECT SOHD
FROM CTHD
WHERE MASP = 'BB01'
INTERSECT 
SELECT SOHD 
FROM CTHD
WHERE MASP = 'BB02'

-- Cau 14 --

SELECT DISTINCT s.MASP, s.TENSP 
FROM SANPHAM s
JOIN CTHD c 
ON s.MASP = c.MASP 
WHERE s.NUOCSX = 'Trung Quoc' OR c.SOHD IN (
	SELECT SOHD
	FROM HOADON h 
	WHERE h.NGHD = '01/01/2007')

-- Cau 15 --

SELECT s.MASP, s.TENSP
FROM SANPHAM s 
WHERE s.MASP NOT IN (
	SELECT DISTINCT c.MASP
	FROM CTHD c)
	
-- Cau 16 --
	
SELECT s.MASP, s.TENSP 
FROM SANPHAM s
WHERE s.MASP NOT IN (
	SELECT c.MASP 
	FROM CTHD c
	JOIN HOADON h
	ON c.SOHD = h.SOHD
	WHERE YEAR(h.NGHD) = 2006)

-- Cau 17 --

SELECT s.MASP, s.TENSP 
FROM SANPHAM s
WHERE s.NUOCSX = 'Trung Quoc' AND s.MASP NOT IN (
	SELECT c.MASP 
	FROM CTHD c
	JOIN HOADON h
	ON c.SOHD = h.SOHD
	WHERE YEAR(h.NGHD) = 2006)

-- Cau 18 --
	
SELECT HD.SOHD
FROM HOADON HD
WHERE NOT EXISTS ( 
	SELECT * 
	FROM SANPHAM SP
	WHERE SP.NUOCSX = 'Singapore' AND NOT EXISTS (
		SELECT *	
		FROM CTHD
		WHERE CTHD.MASP = SP.MASP AND HD.SOHD = CTHD.SOHD 
	)
)

-- Cau 19 --
SELECT H.SOHD 
FROM HOADON H
WHERE YEAR(NGHD) = 2006 AND NOT EXISTS (
	SELECT *
	FROM SANPHAM S
	WHERE NUOCSX = 'SINGAPORE' AND NOT EXISTS(
		SELECT * 
		FROM CTHD C
		WHERE C.SOHD = H.SOHD AND C.MASP = S.MASP
	)
)

-- Cau 20 --
SELECT COUNT(*) SL
FROM HOADON h
WHERE H.MAKH IS NULL 

-- Cau 21 --
SELECT COUNT(DISTINCT h.SOHD) SL
FROM HOADON h
JOIN CTHD c 
ON h.SOHD = c.SOHD
WHERE YEAR(NGHD) = 2006

-- Cau 22 --
SELECT MAX(h.TRIGIA) 'Cao Nhat', MIN(h.TRIGIA) 'Thap Nhat'
FROM HOADON h 

-- Cau 23 --
SELECT AVG(h.TRIGIA) 'Trung Binh'
FROM HOADON h 
WHERE YEAR(h.NGHD) = 2006

-- Cau 24 --
SELECT SUM(h.TRIGIA) 'Doan Thu'
FROM HOADON h
WHERE YEAR(h.NGHD) = 2006

-- Cau 25 --
SELECT TOP 1 WITH TIES h.SOHD
FROM HOADON h	
WHERE YEAR(h.NGHD) = 2006 
ORDER BY h.TRIGIA DESC

-- Cau 26 --
SELECT TOP 1 WITH TIES k.HOTEN 
FROM KHACHHANG k 
JOIN HOADON h 
ON k.MAKH = h.MAKH 
WHERE YEAR(h.NGHD) = 2006 
ORDER BY h.TRIGIA DESC

-- Cau 27 --
SELECT TOP 3 k.MAKH, k.HOTEN 
FROM KHACHHANG k 
ORDER BY DOANHSO DESC

-- Cau 28 --
SELECT TOP 3 WITH TIES s.MASP, s.TENSP 
FROM SANPHAM s 
ORDER BY s.GIA DESC

-- Cau 29 --
SELECT s.MASP, s.TENSP
FROM SANPHAM s
WHERE s.NUOCSX = 'Thai Lan' AND s.GIA IN ( 
	SELECT TOP 3 GIA
	FROM SANPHAM 
	ORDER BY GIA DESC
)

-- Cau 30 --
SELECT TOP 3 WITH TIES s.MASP, s.TENSP 
FROM SANPHAM sx
WHERE s.NUOCSX = 'Trung Quoc'
ORDER BY s.GIA DESC

-- Cau 31 --
SELECT TOP 3 *
FROM KHACHHANG k 
ORDER BY k.DOANHSO DESC

-- Cau 32 --
SELECT COUNT(*) SL
FROM SANPHAM s 
WHERE NUOCSX = 'Trung Quoc'

-- Cau 33 --
SELECT s.NUOCSX, COUNT(*) AS 'SL San Pham' 
FROM SANPHAM s 
GROUP BY s.NUOCSX 

-- Cau 34 --
SELECT s.NUOCSX, MAX(s.GIA) AS 'CAO NHAT', MIN(s.GIA) AS 'Thap Nhat', AVG(s.GIA) AS 'Trung Binh'
FROM SANPHAM s 
GROUP BY s.NUOCSX 

-- Cau 35 --
SELECT h.NGHD, SUM(h.TRIGIA) AS 'Doanh Thu'
FROM HOADON h 
GROUP BY h.NGHD 

-- Cau 36 --
SELECT c.MASP, SUM(c.SL) AS 'So Luong'
FROM HOADON h
JOIN CTHD c ON h.SOHD = c.SOHD 
WHERE MONTH(h.NGHD) = 10 AND YEAR(h.NGHD) = 2006
GROUP BY c.MASP 

-- Cau 37
SELECT MONTH(h.NGHD), SUM(h.TRIGIA) AS 'Doanh Thu'
FROM HOADON h 
WHERE YEAR(h.NGHD) = 2006
GROUP BY MONTH(h.NGHD)

-- Cau 38 --
SELECT c.SOHD 
FROM CTHD c 
GROUP BY c.SOHD 
HAVING COUNT(*) >= 4

-- Cau 39 --
SELECT c.SOHD 
FROM CTHD c
JOIN SANPHAM s 
ON c.MASP = s.MASP 
WHERE s.NUOCSX = 'Viet Nam'
GROUP BY c.SOHD 
HAVING COUNT(DISTINCT c.MASP) >= 3

-- Cau 40 --
SELECT k.MAKH, k.HOTEN 
FROM KHACHHANG k 
JOIN HOADON h 
ON k.MAKH = h.MAKH 
GROUP BY k.MAKH, k.HOTEN
HAVING COUNT(*) >= ALL (
	SELECT COUNT(*)
	FROM HOADON h2
	GROUP BY h2.MAKH
)

-- Cau 41 --
SELECT TOP 1 WITH TIES MONTH(h.NGHD) 
FROM HOADON h 
WHERE YEAR(h.NGHD) = 2006
GROUP BY MONTH(h.NGHD)
ORDER BY SUM(h.TRIGIA) DESC

-- Cau 42 --
SELECT TOP 1 WITH TIES s.MASP, s.TENSP 
FROM SANPHAM s, HOADON h, CTHD c 
WHERE s.MASP = c.MASP AND c.SOHD = h.SOHD AND YEAR(h.NGHD) = 2006
GROUP BY s.MASP, s.TENSP 
ORDER BY SUM(c.SL)

-- Cau 43 --
SELECT s.NUOCSX, s.MASP, s.TENSP 
FROM SANPHAM s 
WHERE EXISTS (
	SELECT *
	FROM SANPHAM s2
	GROUP BY s2.NUOCSX 
	HAVING s.GIA = MAX(s2.GIA) AND s.NUOCSX = s2.NUOCSX 
)

-- Cau 44 --
SELECT s.NUOCSX 
FROM SANPHAM s 
GROUP BY s.NUOCSX 
HAVING COUNT(DISTINCT s.GIA) >= 3

-- Cau 45 --
SELECT *
FROM KHACHHANG k 
WHERE k.MAKH IN (
	SELECT TOP 1 WITH TIES k2.MAKH
	FROM (SELECT TOP 10 MAKH FROM KHACHHANG ORDER BY DOANHSO DESC) AS k2
	JOIN HOADON h 
	ON k2.MAKH = h.MAKH 
	GROUP BY k2.MAKH
	ORDER BY COUNT(*) DESC
)















